2023-05-19 15:40:16.510,jŠŠ¢b,,,,,,,,,,,
2023-05-19 15:40:16.510,5,,,,,,,,,,,
2023-05-19 15:40:16.510,"tét9þ&t*©""’]EP­A™®ûZ¦?’ÒURÓú’D•ƒÐæüR¶UI´šJ­üZV-$z”këI´þ$Ú‡RUÅâeªÄ•‚’ÕŠréªÄ)~õ©z‚gù©zÎÿ""êJ""tÛŠ2eUÖIt–‚e		U…©ËýJ¨YO)mþ$Ú¤·å$ú!ÒŠÞEŠiåQô•ÿtõ$Ú¢ªZ¡*o""ô»’r3¥¦Ëªú","pµPyU­‹b¶PeçPI••æMœ’º:¥Jû©zûITìªš7”þmQjæ!ÚµH+ÿÉ¢jÂ‚bjŠÂbŠŠ¢bÊ’bªj",,,,,,,,,,
2023-05-19 15:40:16.511,-11.00,1.00,-2.00,6.00,1.00,-8,-88,-8,-112,93,-112,a
2023-05-19 15:40:16.514,26.00,24.00,33.00,15.00,-2.00,-18,-80,-18,121,93,5,
2023-05-19 15:40:16.520,-13.00,2.00,-2.00,6.00,2.00,-12,-88,-12,-113,93,-113,a
2023-05-19 15:40:16.524,26.00,24.00,32.00,15.00,-2.00,-14,-79,-14,113,91,4,
2023-05-19 15:40:16.529,-9.00,0.00,-2.00,6.00,1.00,-17,-88,-17,-109,92,-109,a
2023-05-19 15:40:16.529,26.00,24.00,32.00,15.00,-2.00,-14,-79,-14,118,92,4,
2023-05-19 15:40:16.535,-9.00,1.00,-2.00,6.00,1.00,-17,-88,-17,-112,93,-112,a
2023-05-19 15:40:16.539,26.00,24.00,32.00,14.00,-3.00,-10,-79,-10,113,91,4,
2023-05-19 15:40:16.543,-8.00,1.00,-2.00,6.00,1.00,-5,-87,-5,-114,93,-114,a
2023-05-19 15:40:16.550,26.00,24.00,32.00,15.00,-4.00,-11,-79,-11,118,92,4,
2023-05-19 15:40:16.553,-10.00,2.00,-2.00,6.00,1.00,-10,-87,-10,-113,93,-113,a
2023-05-19 15:40:16.559,27.00,24.00,32.00,15.00,-4.00,-12,-79,-12,122,92,4,
2023-05-19 15:40:16.566,26.00,25.00,36.00,15.00,-4.00,-13,-80,-13,122,93,4,
2023-05-19 15:40:16.571,-8.00,2.00,-2.00,6.00,1.00,-15,-87,-15,-114,93,-114,a
2023-05-19 15:40:16.579,-11.00,1.00,-2.00,6.00,1.00,-15,-87,-15,-111,93,-111,a
2023-05-19 15:40:16.585,26.00,25.00,32.00,15.00,-4.00,-12,-79,-12,119,92,4,
2023-05-19 15:40:16.588,-11.00,0.00,-2.00,6.00,1.00,-20,-87,-20,-109,92,-109,a
2023-05-19 15:40:16.593,27.00,24.00,32.00,15.00,-4.00,-11,-78,-11,121,92,4,
2023-05-19 15:40:16.603,26.00,24.00,32.00,15.00,-4.00,-11,-79,-11,117,92,4,
2023-05-19 15:40:16.607,-12.00,1.00,-2.00,6.00,1.00,-23,-88,-23,-118,93,-118,a
2023-05-19 15:40:16.613,26.00,24.00,32.00,15.00,-4.00,-9,-79,-9,117,91,3,
2023-05-19 15:40:16.617,-14.00,1.00,-2.00,6.00,1.00,-20,-88,-20,-116,93,-116,a
2023-05-19 15:40:16.624,-9.00,0.00,-1.00,6.00,1.00,-18,-88,-18,-113,93,-113,a
2023-05-19 15:40:16.629,26.00,24.00,33.00,15.00,-4.00,-9,-79,-9,118,92,3,
2023-05-19 15:40:16.636,26.00,24.00,32.00,15.00,-4.00,-10,-79,-10,115,92,4,
2023-05-19 15:40:16.641,-10.00,2.00,-2.00,6.00,1.00,-11,-88,-11,-110,92,-110,a
2023-05-19 15:40:16.646,27.00,24.00,32.00,14.00,-4.00,-9,-80,-9,120,92,4,
2023-05-19 15:40:16.651,-10.00,0.00,-2.00,6.00,1.00,-9,-88,-9,-113,93,-113,a
2023-05-19 15:40:16.656,27.00,25.00,32.00,15.00,-4.00,-11,-79,-11,117,92,4,
2023-05-19 15:40:16.660,-11.00,1.00,-2.00,6.00,1.00,-13,-88,-13,-107,92,-107,a
2023-05-19 15:40:16.667,-10.00,0.00,-2.00,6.00,1.00,-16,-88,-16,-111,92,-111,a
2023-05-19 15:40:16.673,26.00,24.00,32.00,15.00,-4.00,-14,-80,-14,111,92,5,
2023-05-19 15:40:16.680,26.00,24.00,32.00,15.00,-4.00,-13,-78,-13,116,92,4,
2023-05-19 15:40:16.686,-11.00,1.00,-2.00,6.00,1.00,-4,-87,-4,-111,92,-111,a
2023-05-19 15:40:16.690,27.00,24.00,32.00,15.00,-4.00,-12,-79,-12,114,92,4,
2023-05-19 15:40:16.694,-11.00,1.00,-2.00,6.00,1.00,-4,-87,-4,-115,93,-115,a
2023-05-19 15:40:16.699,26.00,24.00,32.00,15.00,-4.00,-13,-79,-13,121,92,4,
2023-05-19 15:40:16.707,-12.00,0.00,-2.00,6.00,1.00,-7,-87,-7,-113,93,-113,a
2023-05-19 15:40:16.716,-10.00,0.00,-2.00,6.00,1.00,-12,-87,-12,-118,93,-118,a
2023-05-19 15:40:16.722,27.00,24.00,32.00,15.00,-4.00,-13,-79,-13,112,91,4,
2023-05-19 15:40:16.728,26.00,24.00,32.00,15.00,-4.00,-13,-79,-13,115,91,4,
2023-05-19 15:40:16.734,-10.00,1.00,-2.00,6.00,1.00,-14,-87,-14,-111,92,-111,a
2023-05-19 15:40:16.734,26.00,24.00,32.00,15.00,-4.00,-12,-78,-12,110,92,5,
2023-05-19 15:40:16.739,-11.00,0.00,-2.00,6.00,1.00,-8,-87,-8,-113,93,-113,a
2023-05-19 15:40:16.744,26.00,24.00,32.00,15.00,-4.00,-12,-78,-12,104,91,4,
2023-05-19 15:40:16.750,-10.00,1.00,-2.00,6.00,1.00,-10,-87,-10,-113,93,-113,a
2023-05-19 15:40:16.760,26.00,24.00,32.00,15.00,-4.00,-15,-78,-15,87,89,6,
2023-05-19 15:40:16.765,-10.00,1.00,-2.00,6.00,1.00,-5,-87,-5,-107,92,-107,a
2023-05-19 15:40:16.771,26.00,24.00,32.00,15.00,-4.00,-17,-78,-17,89,89,7,
2023-05-19 15:40:16.775,-9.00,1.00,-3.00,6.00,1.00,5,-87,179,-105,92,-105,a
2023-05-19 15:40:16.779,26.00,24.00,32.00,14.00,-4.00,-22,-78,-22,85,89,9,
2023-05-19 15:40:16.785,-9.00,1.00,-2.00,6.00,1.00,16,-87,178,-108,92,-108,a
2023-05-19 15:40:16.789,26.00,24.00,32.00,15.00,-4.00,-29,-78,-29,85,89,10,
2023-05-19 15:40:16.793,-11.00,1.00,-2.00,6.00,1.00,15,-86,178,-103,91,-103,a
2023-05-19 15:40:16.803,26.00,24.00,32.00,14.00,-3.00,-38,-77,-38,85,88,13,
2023-05-19 15:40:16.808,-7.00,1.00,-2.00,6.00,1.00,22,-86,177,-101,91,-101,a
2023-05-19 15:40:16.812,26.00,25.00,32.00,15.00,-4.00,-43,-77,-43,86,88,16,
2023-05-19 15:40:16.817,-11.00,1.00,-2.00,6.00,1.00,32,-86,176,-95,90,-95,a
2023-05-19 15:40:16.821,26.00,25.00,32.00,15.00,-4.00,-47,-76,-47,85,88,18,
2023-05-19 15:40:16.827,-9.00,1.00,-2.00,6.00,1.00,41,-85,174,-95,90,-95,a
2023-05-19 15:40:16.832,26.00,25.00,32.00,15.00,-4.00,-48,-75,-48,83,87,20,
2023-05-19 15:40:16.837,-11.00,0.00,-3.00,6.00,1.00,46,-84,171,-94,90,-94,a
2023-05-19 15:40:16.849,26.00,24.00,32.00,14.00,-4.00,-56,-76,-56,79,84,27,
2023-05-19 15:40:16.854,-7.00,1.00,-2.00,6.00,1.00,51,-80,165,-83,87,-83,a
2023-05-19 15:40:16.859,26.00,24.00,32.00,15.00,-4.00,-62,-77,-62,83,86,32,
2023-05-19 15:40:16.864,-7.00,1.00,-2.00,6.00,1.00,56,-79,161,-82,86,-82,a
2023-05-19 15:40:16.869,26.00,24.00,32.00,15.00,-4.00,-67,-78,-67,81,84,33,
2023-05-19 15:40:16.875,-11.00,2.00,-2.00,6.00,1.00,62,-79,156,-81,86,-81,a
2023-05-19 15:40:16.875,26.00,24.00,33.00,14.00,-4.00,-65,-77,-65,81,83,34,
2023-05-19 15:40:16.879,-12.00,0.00,-2.00,6.00,1.00,66,-79,153,-80,85,-80,a
2023-05-19 15:40:16.890,27.00,24.00,32.00,14.00,-4.00,-71,-78,-71,82,84,36,
2023-05-19 15:40:16.895,-10.00,1.00,-2.00,7.00,1.00,66,-76,147,-77,83,-77,a
2023-05-19 15:40:16.900,26.00,24.00,32.00,14.00,-4.00,-70,-78,-70,83,84,36,
2023-05-19 15:40:16.905,-8.00,1.00,-2.00,8.00,1.00,72,-79,144,-71,80,-71,a
2023-05-19 15:40:16.911,27.00,24.00,32.00,13.00,-4.00,-69,-77,-69,82,84,35,
2023-05-19 15:40:16.918,-10.00,1.00,-1.00,8.00,1.00,78,-83,142,-68,78,-68,a
2023-05-19 15:40:16.923,26.00,24.00,32.00,14.00,-4.00,-67,-76,-67,81,83,35,
2023-05-19 15:40:16.927,-10.00,1.00,-2.00,8.00,1.00,76,-81,142,-67,76,-67,a
2023-05-19 15:40:16.934,28.00,25.00,32.00,13.00,-4.00,-65,-75,-65,77,80,37,
2023-05-19 15:40:16.939,-9.00,1.00,-2.00,8.00,1.00,71,-77,142,-68,76,-68,a
2023-05-19 15:40:16.945,28.00,28.00,33.00,14.00,-4.00,-66,-74,-66,76,79,39,
2023-05-19 15:40:16.950,-10.00,0.00,-2.00,9.00,1.00,72,-77,140,-68,75,-68,a
2023-05-19 15:40:16.955,28.00,25.00,33.00,14.00,-6.00,-68,-75,-68,75,76,41,
2023-05-19 15:40:16.959,-10.00,0.00,-1.00,8.00,1.00,71,-75,139,-68,74,-68,a
2023-05-19 15:40:16.963,26.00,24.00,32.00,13.00,-4.00,-66,-74,-66,74,76,42,
2023-05-19 15:40:16.971,-13.00,0.00,-2.00,9.00,1.00,71,-75,138,-67,73,-67,a
2023-05-19 15:40:16.980,28.00,26.00,33.00,13.00,-4.00,-61,-72,-61,71,73,42,
2023-05-19 15:40:16.986,-11.00,0.00,-2.00,10.00,1.00,73,-77,138,-68,72,-68,a
2023-05-19 15:40:16.990,27.00,25.00,33.00,14.00,-4.00,-58,-70,-58,70,71,43,
2023-05-19 15:40:16.996,-10.00,0.00,0.00,9.00,1.00,73,-77,138,-70,73,-70,a
2023-05-19 15:40:17.003,28.00,25.00,34.00,14.00,-4.00,-56,-69,-56,70,70,44,
2023-05-19 15:40:17.003,-12.00,0.00,-2.00,10.00,1.00,74,-77,137,-71,73,-71,a
2023-05-19 15:40:17.007,28.00,26.00,33.00,15.00,-4.00,-56,-69,-56,69,68,45,
2023-05-19 15:40:17.012,-7.00,-1.00,-2.00,9.00,1.00,73,-77,137,-72,74,-72,a
2023-05-19 15:40:17.024,28.00,25.00,34.00,13.00,-4.00,-61,-69,-61,69,67,47,
2023-05-19 15:40:17.029,-9.00,-1.00,-2.00,10.00,1.00,73,-77,137,-71,73,-71,a
2023-05-19 15:40:17.034,28.00,25.00,33.00,13.00,-4.00,-64,-70,-64,70,67,48,
2023-05-19 15:40:17.039,-8.00,-2.00,-2.00,10.00,1.00,76,-78,135,-71,72,-71,a
2023-05-19 15:40:17.043,28.00,26.00,34.00,14.00,-4.00,-61,-69,-61,68,66,48,
2023-05-19 15:40:17.049,-10.00,-2.00,-2.00,10.00,0.00,77,-79,134,-72,73,-72,a
2023-05-19 15:40:17.054,27.00,25.00,33.00,13.00,-4.00,-61,-70,-61,67,65,47,
2023-05-19 15:40:17.063,-5.00,-2.00,-1.00,11.00,1.00,79,-82,136,-70,71,-70,a
2023-05-19 15:40:17.069,28.00,24.00,34.00,12.00,-4.00,-57,-68,-57,63,61,47,
2023-05-19 15:40:17.073,-6.00,-3.00,-1.00,10.00,1.00,84,-87,138,-70,70,-70,a
2023-05-19 15:40:17.078,27.00,24.00,33.00,12.00,-3.00,-51,-67,-51,62,61,46,
2023-05-19 15:40:17.085,-5.00,-3.00,-1.00,11.00,1.00,81,-84,139,-71,72,-71,a
2023-05-19 15:40:17.089,27.00,24.00,32.00,11.00,-2.00,-50,-66,-50,59,58,46,
2023-05-19 15:40:17.093,-6.00,-2.00,0.00,11.00,1.00,80,-84,139,-73,73,-73,a
2023-05-19 15:40:17.098,27.00,25.00,33.00,12.00,-2.00,-49,-66,-49,58,55,47,
2023-05-19 15:40:17.105,-5.00,-3.00,0.00,11.00,1.00,78,-82,140,-74,74,-74,a
2023-05-19 15:40:17.113,21.00,18.00,25.00,7.00,0.00,-53,-67,-53,55,52,48,
2023-05-19 15:40:17.118,0.00,-3.00,-2.00,11.00,1.00,78,-82,139,-74,74,-74,a
2023-05-19 15:40:17.124,28.00,25.00,34.00,11.00,-3.00,-53,-67,-53,49,47,47,
2023-05-19 15:40:17.128,-4.00,-4.00,-1.00,11.00,1.00,78,-82,140,-72,72,-72,a
2023-05-19 15:40:17.134,27.00,26.00,33.00,12.00,-3.00,-51,-66,-51,50,46,48,
2023-05-19 15:40:17.138,-3.00,-3.00,-2.00,11.00,1.00,82,-85,140,-72,72,-72,a
2023-05-19 15:40:17.143,26.00,23.00,32.00,9.00,-1.00,-53,-67,-53,49,46,48,
2023-05-19 15:40:17.150,0.00,-4.00,-1.00,11.00,1.00,83,-87,145,-69,68,-69,a
2023-05-19 15:40:17.153,26.00,24.00,30.00,10.00,-2.00,-39,-63,-39,43,41,46,
2023-05-19 15:40:17.160,0.00,-5.00,-1.00,11.00,1.00,83,-87,145,-68,67,-68,a
2023-05-19 15:40:17.165,24.00,21.00,29.00,8.00,-1.00,-26,-59,-26,35,32,48,
2023-05-19 15:40:17.171,0.00,-4.00,-1.00,11.00,1.00,83,-87,144,-68,67,-68,a
2023-05-19 15:40:17.176,26.00,23.00,29.00,9.00,-1.00,-16,-57,-16,29,26,49,
2023-05-19 15:40:17.179,1.00,-4.00,-2.00,11.00,1.00,84,-87,143,-68,66,-68,a
2023-05-19 15:40:17.186,28.00,24.00,32.00,11.00,-2.00,-16,-56,-16,27,20,54,
2023-05-19 15:40:17.194,3.00,-4.00,0.00,11.00,1.00,85,-88,142,-67,64,-67,a
2023-05-19 15:40:17.200,28.00,23.00,32.00,10.00,-3.00,-22,-54,-22,26,13,64,
2023-05-19 15:40:17.205,2.00,-5.00,-2.00,11.00,1.00,86,-89,140,-68,65,-68,a
2023-05-19 15:40:17.210,26.00,22.00,29.00,10.00,-3.00,-22,-53,-22,22,9,67,
2023-05-19 15:40:17.217,5.00,-5.00,0.00,11.00,1.00,88,-90,138,-69,68,-69,a
2023-05-19 15:40:17.217,22.00,17.00,24.00,4.00,-1.00,-18,-50,-18,19,4,77,
2023-05-19 15:40:17.221,2.00,-5.00,-1.00,12.00,1.00,87,-89,140,-72,69,-72,a
2023-05-19 15:40:17.227,20.00,15.00,22.00,2.00,-1.00,-16,-49,-16,18,-3,94,
2023-05-19 15:40:17.240,6.00,-4.00,-1.00,11.00,1.00,95,-96,143,-70,64,-70,a
2023-05-19 15:40:17.247,18.00,12.00,16.00,0.00,0.00,-11,-44,-11,14,-16,135,
2023-05-19 15:40:17.252,5.00,-4.00,0.00,11.00,1.00,97,-97,144,-68,60,-68,a
2023-05-19 15:40:17.252,26.00,18.00,27.00,7.00,-2.00,-4,-41,-4,13,-18,139,
2023-05-19 15:40:17.257,3.00,-4.00,-1.00,11.00,1.00,103,-102,141,-67,59,-67,a
2023-05-19 15:40:17.262,26.00,20.00,30.00,9.00,-3.00,-4,-39,-4,10,-22,153,
2023-05-19 15:40:17.268,8.00,-4.00,0.00,11.00,1.00,108,-107,139,-67,59,-67,a
2023-05-19 15:40:17.272,26.00,20.00,29.00,8.00,-3.00,-2,-37,-2,10,-24,155,
2023-05-19 15:40:17.281,8.00,-5.00,-1.00,11.00,1.00,110,-109,139,-76,66,-76,a
2023-05-19 15:40:17.288,28.00,21.00,30.00,9.00,-3.00,2,-24,174,10,-18,149,
2023-05-19 15:40:17.292,8.00,-5.00,0.00,11.00,1.00,109,-106,144,-78,67,-78,a
2023-05-19 15:40:17.298,29.00,23.00,32.00,10.00,-4.00,1,-19,176,6,-20,161,
2023-05-19 15:40:17.302,11.00,-4.00,0.00,11.00,1.00,121,-113,147,-75,62,-75,a
2023-05-19 15:40:17.307,29.00,22.00,32.00,10.00,-4.00,5,-16,157,4,-23,167,
2023-05-19 15:40:17.314,31.00,23.00,33.00,10.00,-4.00,6,-14,152,3,-27,173,
2023-05-19 15:40:17.319,4.00,-5.00,-1.00,12.00,1.00,141,-124,153,-71,57,-71,a
2023-05-19 15:40:17.326,12.00,-4.00,-1.00,11.00,1.00,144,-124,155,-68,59,-68,a
2023-05-19 15:40:17.332,31.00,24.00,33.00,10.00,-4.00,3,-13,164,-2,-30,-2,
2023-05-19 15:40:17.337,9.00,-5.00,-1.00,12.00,1.00,147,-122,159,-64,51,-64,a
2023-05-19 15:40:17.341,30.00,22.00,32.00,10.00,-4.00,3,-14,164,0,-29,179,
2023-05-19 15:40:17.349,29.00,22.00,33.00,10.00,-4.00,2,-11,164,-2,-28,-2,
2023-05-19 15:40:17.353,10.00,-5.00,-1.00,12.00,1.00,159,-109,173,-50,46,-50,a
2023-05-19 15:40:17.358,32.00,22.00,32.00,10.00,-4.00,2,-10,163,-4,-28,-4,
2023-05-19 15:40:17.362,10.00,-5.00,-1.00,12.00,1.00,-139,-102,-139,-30,37,-30,a
2023-05-19 15:40:17.370,8.00,-5.00,0.00,12.00,1.00,-82,-87,-82,3,27,5,a
2023-05-19 15:40:17.374,30.00,22.00,32.00,10.00,-4.00,3,-7,146,-4,-26,-4,
2023-05-19 15:40:17.383,31.00,21.00,33.00,10.00,-4.00,2,-6,152,-4,-27,-4,
2023-05-19 15:40:17.388,11.00,-5.00,0.00,12.00,1.00,-65,-52,-65,41,16,71,a
2023-05-19 15:40:17.392,30.00,21.00,35.00,10.00,-4.00,1,-7,162,-5,-27,-5,
2023-05-19 15:40:17.397,12.00,-5.00,0.00,12.00,1.00,-65,-37,-65,51,8,83,a
2023-05-19 15:40:17.403,30.00,21.00,35.00,10.00,-4.00,2,-6,152,-6,-29,-6,
2023-05-19 15:40:17.408,9.00,-5.00,-1.00,12.00,1.00,-57,-14,-57,54,4,87,a
2023-05-19 15:40:17.415,9.00,-5.00,-1.00,12.00,1.00,-52,-4,-52,56,0,89,a
2023-05-19 15:40:17.420,30.00,21.00,32.00,10.00,-4.00,6,-4,110,-8,-28,-8,
2023-05-19 15:40:17.426,11.00,-5.00,-2.00,12.00,1.00,-53,0,-53,56,-4,91,a
2023-05-19 15:40:17.432,27.00,18.00,31.00,8.00,-3.00,6,-2,97,-8,-26,-8,
2023-05-19 15:40:17.437,11.00,-6.00,-1.00,13.00,1.00,-54,3,-54,56,-6,93,a
2023-05-19 15:40:17.442,27.00,19.00,29.00,8.00,-3.00,5,-3,102,-7,-26,-7,
2023-05-19 15:40:17.450,27.00,18.00,29.00,7.00,-3.00,2,-3,114,-7,-26,-7,
2023-05-19 15:40:17.454,13.00,-5.00,0.00,12.00,1.00,-56,10,-56,58,-11,96,a
2023-05-19 15:40:17.458,27.00,18.00,29.00,7.00,-3.00,1,-2,113,-5,-25,-5,
2023-05-19 15:40:17.463,12.00,-5.00,0.00,13.00,1.00,-56,10,-56,60,-13,96,a
2023-05-19 15:40:17.470,15.00,-3.00,-1.00,12.00,1.00,-55,12,-55,59,-15,97,a
2023-05-19 15:40:17.474,27.00,17.00,29.00,6.00,-3.00,1,-2,127,-5,-24,-5,
2023-05-19 15:40:17.479,14.00,-5.00,-2.00,12.00,0.00,-54,11,-54,60,-16,98,a
2023-05-19 15:40:17.486,28.00,17.00,28.00,6.00,-3.00,0,-2,128,-5,-25,-5,
2023-05-19 15:40:17.490,28.00,18.00,29.00,8.00,-3.00,0,-3,148,-6,-26,-6,
2023-05-19 15:40:17.495,10.00,-5.00,0.00,15.00,1.00,-51,11,-51,56,-15,98,a
2023-05-19 15:40:17.501,27.00,18.00,29.00,7.00,-3.00,1,0,85,-7,-28,-7,
2023-05-19 15:40:17.505,8.00,-5.00,-1.00,12.00,1.00,-48,13,-48,51,-15,100,a
2023-05-19 15:40:17.509,28.00,18.00,29.00,7.00,-3.00,1,1,43,-7,-29,-7,
2023-05-19 15:40:17.516,9.00,-5.00,0.00,12.00,1.00,-43,11,-43,46,-15,102,a
2023-05-19 15:40:17.523,12.00,-5.00,-1.00,12.00,1.00,-37,11,-37,38,-15,107,a
2023-05-19 15:40:17.529,27.00,17.00,26.00,5.00,-3.00,-2,5,-2,-7,-32,-7,
2023-05-19 15:40:17.534,13.00,-5.00,0.00,12.00,1.00,-28,12,-28,29,-15,113,a
2023-05-19 15:40:17.539,26.00,16.00,26.00,5.00,-2.00,-3,7,-3,-6,-34,-6,
2023-05-19 15:40:17.542,28.00,17.00,28.00,7.00,-3.00,-2,11,-2,-4,-35,-4,
2023-05-19 15:40:17.553,8.00,-4.00,-1.00,12.00,1.00,12,14,40,3,-13,161,a
2023-05-19 15:40:17.561,27.00,18.00,29.00,7.00,-3.00,-3,14,-3,-3,-35,-3,
2023-05-19 15:40:17.565,27.00,18.00,28.00,7.00,-3.00,-5,15,-5,-2,-36,-2,
2023-05-19 15:40:17.571,8.00,-5.00,-1.00,12.00,1.00,34,13,70,-10,-10,-10,a
2023-05-19 15:40:17.571,14.00,-5.00,-1.00,12.00,1.00,51,14,78,-24,-8,-24,a
2023-05-19 15:40:17.577,27.00,18.00,29.00,7.00,-3.00,-8,14,-8,0,-39,179,
2023-05-19 15:40:17.583,9.00,-6.00,-1.00,12.00,1.00,60,12,83,-35,-6,-35,a
2023-05-19 15:40:17.587,29.00,18.00,31.00,8.00,-3.00,-9,14,-9,0,-40,179,
2023-05-19 15:40:17.596,29.00,18.00,31.00,8.00,-3.00,-10,14,-10,1,-40,178,
2023-05-19 15:40:17.601,8.00,-6.00,-1.00,12.00,1.00,73,23,82,-47,-10,-47,a
2023-05-19 15:40:17.607,29.00,19.00,32.00,9.00,-3.00,-11,15,-11,0,-40,178,
2023-05-19 15:40:17.610,11.00,-5.00,-1.00,11.00,1.00,77,29,83,-52,-13,-52,a
2023-05-19 15:40:17.616,7.00,-6.00,-1.00,12.00,0.00,81,48,80,-56,-19,-56,a
2023-05-19 15:40:17.622,29.00,20.00,32.00,9.00,-4.00,-12,16,-12,2,-41,176,
2023-05-19 15:40:17.626,10.00,-5.00,0.00,12.00,0.00,85,71,76,-58,-24,-58,a
2023-05-19 15:40:17.633,30.00,20.00,32.00,9.00,-2.00,-13,17,-13,3,-40,175,
2023-05-19 15:40:17.639,30.00,20.00,32.00,10.00,-3.00,-15,18,-15,4,-41,174,
2023-05-19 15:40:17.645,7.00,-6.00,0.00,13.00,1.00,93,100,72,-60,-33,-60,a
2023-05-19 15:40:17.651,31.00,21.00,32.00,10.00,-2.00,-16,18,-16,5,-41,173,
2023-05-19 15:40:17.656,12.00,-8.00,0.00,12.00,0.00,97,113,71,-60,-37,-60,a
2023-05-19 15:40:17.660,8.00,-6.00,-1.00,12.00,1.00,101,120,70,-61,-40,-61,a
2023-05-19 15:40:17.666,31.00,21.00,32.00,9.00,-3.00,-17,18,-17,5,-42,173,
2023-05-19 15:40:17.671,4.00,-6.00,-1.00,12.00,1.00,102,122,70,-60,-41,-60,a
2023-05-19 15:40:17.676,31.00,20.00,32.00,10.00,-2.00,-17,17,-17,5,-42,173,
2023-05-19 15:40:17.684,31.00,20.00,32.00,10.00,-2.00,-18,17,-18,6,-42,172,
2023-05-19 15:40:17.689,8.00,-6.00,0.00,12.00,1.00,94,102,71,-51,-37,-51,a
2023-05-19 15:40:17.693,10.00,-6.00,0.00,12.00,1.00,81,67,70,-42,-33,-42,a
2023-05-19 15:40:17.701,31.00,20.00,32.00,10.00,-2.00,-18,16,-18,5,-41,173,
2023-05-19 15:40:17.709,30.00,20.00,32.00,10.00,-2.00,-17,15,-17,4,-41,174,
2023-05-19 15:40:17.709,8.00,-6.00,-1.00,11.00,0.00,65,42,67,-27,-28,-27,a
2023-05-19 15:40:17.717,8.00,-6.00,-1.00,12.00,0.00,41,24,62,-11,-22,-11,a
2023-05-19 15:40:17.721,31.00,20.00,33.00,10.00,-2.00,-13,14,-13,0,-40,178,
2023-05-19 15:40:17.729,31.00,21.00,33.00,10.00,-3.00,-10,14,-10,-2,-39,-2,
2023-05-19 15:40:17.736,8.00,-6.00,-1.00,12.00,1.00,-2,15,-2,19,-16,127,a
2023-05-19 15:40:17.740,31.00,21.00,32.00,10.00,-3.00,-8,12,-8,-3,-37,-3,
2023-05-19 15:40:17.744,10.00,-6.00,-1.00,14.00,1.00,-15,7,-15,31,-15,110,a
2023-05-19 15:40:17.750,31.00,20.00,33.00,10.00,-2.00,-7,11,-7,-3,-35,-3,
2023-05-19 15:40:17.754,10.00,-6.00,-1.00,11.00,0.00,-28,8,-28,36,-13,104,a
2023-05-19 15:40:17.758,6.00,-6.00,-2.00,11.00,0.00,-32,8,-32,41,-11,100,a
2023-05-19 15:40:17.763,31.00,20.00,32.00,10.00,-1.00,-8,8,-8,-2,-32,-2,
2023-05-19 15:40:17.773,31.00,20.00,32.00,10.00,0.00,-8,5,-8,0,-30,179,
2023-05-19 15:40:17.779,6.00,-6.00,-2.00,12.00,1.00,-37,8,-37,47,-11,98,a
2023-05-19 15:40:17.784,31.00,20.00,32.00,10.00,0.00,-7,5,-7,0,-29,179,
2023-05-19 15:40:17.788,11.00,-6.00,-2.00,11.00,0.00,-41,11,-41,48,-11,98,a
2023-05-19 15:40:17.793,31.00,20.00,32.00,10.00,0.00,-6,3,-6,-2,-28,-2,
2023-05-19 15:40:17.793,11.00,-6.00,-1.00,12.00,0.00,-44,12,-44,49,-12,99,a
2023-05-19 15:40:17.798,31.00,20.00,32.00,10.00,0.00,-4,3,-4,-3,-28,-3,
2023-05-19 15:40:17.803,13.00,-6.00,-1.00,11.00,1.00,-44,12,-44,50,-14,100,a
2023-05-19 15:40:17.815,31.00,21.00,29.00,10.00,1.00,-3,3,-3,-4,-28,-4,
2023-05-19 15:40:17.821,8.00,-6.00,-1.00,11.00,0.00,-43,13,-43,49,-15,101,a
2023-05-19 15:40:17.825,30.00,20.00,32.00,10.00,0.00,-4,3,-4,-4,-27,-4,
2023-05-19 15:40:17.829,8.00,-6.00,-1.00,11.00,0.00,-41,12,-41,49,-18,103,a
2023-05-19 15:40:17.835,31.00,20.00,32.00,10.00,0.00,-5,3,-5,-4,-28,-4,
2023-05-19 15:40:17.840,12.00,-6.00,-1.00,11.00,0.00,-40,12,-40,47,-20,106,a
2023-05-19 15:40:17.846,30.00,20.00,32.00,10.00,0.00,-6,3,-6,-4,-29,-4,
2023-05-19 15:40:17.851,10.00,-3.00,-1.00,11.00,1.00,-38,15,-38,42,-19,109,a
2023-05-19 15:40:17.855,31.00,19.00,32.00,10.00,1.00,-7,4,-7,-2,-31,-2,
2023-05-19 15:40:17.859,31.00,20.00,32.00,10.00,2.00,-8,5,-8,-2,-32,-2,
2023-05-19 15:40:17.866,9.00,-6.00,-2.00,11.00,0.00,-22,21,-22,23,-21,129,a
2023-05-19 15:40:17.873,10.00,-6.00,-2.00,11.00,0.00,3,27,7,9,-22,155,a
2023-05-19 15:40:17.883,29.00,18.00,30.00,9.00,1.00,-9,10,-9,0,-36,179,
2023-05-19 15:40:17.883,6.00,-7.00,-2.00,11.00,0.00,35,38,41,-9,-23,-9,a
2023-05-19 15:40:17.888,31.00,20.00,32.00,10.00,4.00,-9,13,-9,0,-38,179,
2023-05-19 15:40:17.893,7.00,-7.00,-1.00,11.00,1.00,65,51,60,-26,-23,-26,a
2023-05-19 15:40:17.900,30.00,21.00,32.00,10.00,4.00,-10,14,-10,0,-40,179,
2023-05-19 15:40:17.906,31.00,20.00,32.00,10.00,4.00,-9,18,-9,1,-41,178,
2023-05-19 15:40:17.910,7.00,-6.00,0.00,12.00,0.00,80,57,75,-47,-23,-47,a
2023-05-19 15:40:17.917,31.00,20.00,32.00,10.00,3.00,-11,18,-11,1,-42,177,
2023-05-19 15:40:17.921,7.00,-7.00,-1.00,12.00,0.00,82,56,78,-52,-19,-52,a
2023-05-19 15:40:17.925,7.00,-6.00,-1.00,13.00,0.00,82,58,77,-53,-17,-53,a
2023-05-19 15:40:17.931,31.00,20.00,32.00,10.00,7.00,-14,19,-14,3,-43,175,
2023-05-19 15:40:17.935,8.00,-6.00,-1.00,13.00,0.00,83,66,75,-53,-17,-53,a
2023-05-19 15:40:17.939,31.00,20.00,33.00,10.00,16.00,-14,20,-14,3,-44,176,
2023-05-19 15:40:17.944,7.00,-7.00,-1.00,12.00,1.00,86,76,75,-53,-18,-53,a
2023-05-19 15:40:17.949,31.00,19.00,33.00,11.00,17.00,-13,19,-13,2,-44,177,
2023-05-19 15:40:17.959,31.00,21.00,32.00,10.00,18.00,-13,19,-13,2,-43,177,
2023-05-19 15:40:17.965,6.00,-7.00,0.00,12.00,0.00,89,86,75,-54,-24,-54,a
2023-05-19 15:40:17.970,7.00,-6.00,0.00,12.00,0.00,88,85,73,-53,-30,-53,a
2023-05-19 15:40:17.974,31.00,20.00,32.00,10.00,11.00,-12,17,-12,2,-42,177,
2023-05-19 15:40:17.980,4.00,-7.00,-1.00,12.00,1.00,86,79,71,-50,-35,-50,a
2023-05-19 15:40:17.984,31.00,20.00,32.00,11.00,18.00,-13,16,-13,2,-41,176,
2023-05-19 15:40:17.989,6.00,-6.00,-1.00,12.00,0.00,77,60,69,-43,-36,-43,a
2023-05-19 15:40:17.993,31.00,20.00,33.00,11.00,19.00,-13,16,-13,2,-40,176,
2023-05-19 15:40:18.001,31.00,20.00,33.00,11.00,19.00,-13,14,-13,3,-39,175,
2023-05-19 15:40:18.006,7.00,-6.00,0.00,13.00,1.00,40,36,48,-7,-33,-7,a
2023-05-19 15:40:18.013,6.00,-6.00,-1.00,12.00,1.00,0,30,0,15,-30,152,a
2023-05-19 15:40:18.018,31.00,21.00,32.00,10.00,22.00,-12,12,-12,3,-36,175,
2023-05-19 15:40:18.022,4.00,-6.00,-1.00,13.00,0.00,-29,28,-29,33,-30,128,a
2023-05-19 15:40:18.028,30.00,20.00,32.00,10.00,18.00,-13,10,-13,4,-34,173,
2023-05-19 15:40:18.032,8.00,-6.00,-1.00,13.00,0.00,-44,23,-44,44,-29,118,a
2023-05-19 15:40:18.037,31.00,20.00,32.00,10.00,12.00,-13,8,-13,4,-32,172,
2023-05-19 15:40:18.046,31.00,20.00,32.00,10.00,12.00,-13,6,-13,4,-30,172,
2023-05-19 15:40:18.051,6.00,-6.00,-1.00,13.00,0.00,-47,17,-47,48,-24,110,a
2023-05-19 15:40:18.058,3.00,-6.00,-1.00,13.00,0.00,-40,16,-40,47,-22,108,a
2023-05-19 15:40:18.062,28.00,21.00,32.00,10.00,15.00,-10,4,-10,1,-29,177,
2023-05-19 15:40:18.067,10.00,-7.00,0.00,13.00,0.00,-42,19,-42,45,-21,109,a
2023-05-19 15:40:18.071,31.00,19.00,32.00,11.00,15.00,-8,3,-8,0,-28,179,
2023-05-19 15:40:18.077,6.00,-6.00,0.00,13.00,0.00,-36,14,-36,45,-19,106,a
2023-05-19 15:40:18.082,31.00,20.00,32.00,10.00,15.00,-6,2,-6,-3,-28,-3,
2023-05-19 15:40:18.091,33.00,21.00,32.00,10.00,15.00,-7,2,-7,-3,-28,-3,
2023-05-19 15:40:18.096,6.00,-6.00,0.00,13.00,0.00,-33,15,-33,36,-14,107,a
2023-05-19 15:40:18.101,31.00,20.00,32.00,10.00,15.00,-6,2,-6,-2,-28,-2,
2023-05-19 15:40:18.105,4.00,-6.00,0.00,13.00,0.00,-26,14,-26,33,-12,106,a
2023-05-19 15:40:18.111,10.00,-6.00,-1.00,13.00,0.00,-23,13,-23,27,-10,105,a
2023-05-19 15:40:18.116,31.00,21.00,33.00,10.00,16.00,-7,4,-7,-3,-30,-3,
2023-05-19 15:40:18.121,6.00,-6.00,-1.00,12.00,0.00,-15,10,-15,22,-6,100,a
2023-05-19 15:40:18.127,31.00,20.00,32.00,10.00,16.00,-6,5,-6,-4,-30,-4,
2023-05-19 15:40:18.134,31.00,20.00,33.00,10.00,13.00,-5,6,-5,-4,-31,-4,
2023-05-19 15:40:18.140,4.00,-6.00,0.00,13.00,0.00,4,10,24,11,-4,102,a
2023-05-19 15:40:18.147,28.00,21.00,32.00,11.00,10.00,-5,7,-5,-4,-33,-4,
2023-05-19 15:40:18.152,4.00,-6.00,-2.00,12.00,0.00,12,10,50,6,-4,109,a
2023-05-19 15:40:18.157,31.00,20.00,32.00,11.00,16.00,-4,8,-4,-5,-34,-5,
2023-05-19 15:40:18.157,2.00,-6.00,-1.00,12.00,0.00,18,12,57,1,-7,158,a
2023-05-19 15:40:18.162,4.00,-6.00,0.00,12.00,0.00,23,14,59,0,-10,175,a
2023-05-19 15:40:18.168,31.00,20.00,32.00,11.00,17.00,-3,11,-3,-7,-36,-7,
2023-05-19 15:40:18.172,1.00,-6.00,-1.00,11.00,0.00,23,19,51,0,-13,179,a
2023-05-19 15:40:18.179,31.00,20.00,33.00,11.00,19.00,-2,10,-2,-8,-37,-8,
2023-05-19 15:40:18.186,31.00,18.00,32.00,11.00,21.00,-2,11,-2,-8,-38,-8,
2023-05-19 15:40:18.192,3.00,-6.00,-1.00,12.00,0.00,22,20,46,0,-18,178,a
2023-05-19 15:40:18.198,30.00,20.00,32.00,12.00,21.00,-2,12,-2,-8,-38,-8,
2023-05-19 15:40:18.203,2.00,-6.00,-1.00,11.00,0.00,21,22,43,2,-20,173,a
2023-05-19 15:40:18.207,1.00,-5.00,-1.00,11.00,0.00,17,24,34,4,-20,167,a
2023-05-19 15:40:18.212,31.00,20.00,32.00,13.00,32.00,-3,12,-3,-5,-40,-5,
2023-05-19 15:40:18.218,0.00,-6.00,-1.00,11.00,0.00,14,25,27,6,-21,161,a
2023-05-19 15:40:18.222,31.00,21.00,34.00,13.00,34.00,-5,12,-5,-3,-41,-3,
2023-05-19 15:40:18.232,30.00,21.00,33.00,12.00,37.00,-6,13,-6,-3,-41,-3,
2023-05-19 15:40:18.236,0.00,-6.00,-1.00,10.00,0.00,8,26,16,8,-22,158,a
2023-05-19 15:40:18.241,31.00,22.00,33.00,13.00,39.00,-6,13,-6,-2,-41,-2,
2023-05-19 15:40:18.246,0.00,-6.00,0.00,10.00,0.00,7,29,13,7,-22,161,a
2023-05-19 15:40:18.251,-5.00,-6.00,-2.00,10.00,0.00,9,32,15,5,-24,166,a
2023-05-19 15:40:18.256,30.00,22.00,34.00,13.00,41.00,-5,14,-5,-2,-41,-2,
2023-05-19 15:40:18.260,32.00,21.00,35.00,14.00,41.00,-4,13,-4,-3,-42,-3,
2023-05-19 15:40:18.265,-1.00,-5.00,-1.00,10.00,0.00,11,35,15,5,-26,168,a
2023-05-19 15:40:18.269,-4.00,-5.00,-2.00,10.00,0.00,15,40,17,2,-28,174,a
2023-05-19 15:40:18.277,-2.00,-5.00,-2.00,10.00,0.00,14,38,18,2,-31,175,a
2023-05-19 15:40:18.281,30.00,21.00,32.00,12.00,43.00,1,11,5,-5,-44,-5,
2023-05-19 15:40:18.286,30.00,21.00,33.00,13.00,42.00,2,10,13,-7,-45,-7,
2023-05-19 15:40:18.297,30.00,21.00,33.00,14.00,42.00,4,9,27,-6,-46,-6,
2023-05-19 15:40:18.304,-3.00,-6.00,-1.00,10.00,0.00,29,41,33,-12,-41,-12,a
2023-05-19 15:40:18.308,29.00,21.00,33.00,14.00,43.00,6,9,34,-6,-45,-6,
2023-05-19 15:40:18.315,-3.00,-6.00,-2.00,10.00,0.00,43,47,41,-23,-44,-23,a
2023-05-19 15:40:18.321,29.00,21.00,33.00,14.00,43.00,6,9,33,-3,-42,-3,
2023-05-19 15:40:18.326,-4.00,-5.00,-1.00,11.00,0.00,43,48,39,-23,-44,-23,a
2023-05-19 15:40:18.331,-4.00,-4.00,-1.00,10.00,0.00,49,59,34,-25,-43,-25,a
2023-05-19 15:40:18.335,30.00,22.00,34.00,14.00,44.00,-3,7,-3,12,-37,163,
2023-05-19 15:40:18.340,29.00,21.00,33.00,14.00,44.00,-11,4,-11,15,-35,157,
2023-05-19 15:40:18.345,-6.00,-5.00,-1.00,10.00,0.00,85,86,35,-28,-40,-28,a
2023-05-19 15:40:18.350,26.00,18.00,29.00,11.00,45.00,-17,0,-17,19,-36,152,
2023-05-19 15:40:18.356,-8.00,-6.00,-1.00,10.00,0.00,88,88,35,-34,-42,-34,a
2023-05-19 15:40:18.360,26.00,18.00,29.00,11.00,45.00,-18,-7,-18,20,-36,151,
2023-05-19 15:40:18.365,-7.00,-5.00,-2.00,11.00,0.00,97,95,35,-38,-46,-38,a
2023-05-19 15:40:18.369,-7.00,-6.00,0.00,10.00,-1.00,96,95,40,-46,-56,-46,a
2023-05-19 15:40:18.375,26.00,18.00,28.00,10.00,45.00,-18,-17,-18,22,-37,149,
2023-05-19 15:40:18.384,-4.00,-5.00,0.00,10.00,-1.00,88,88,42,-63,-70,-63,a
2023-05-19 15:40:18.390,26.00,20.00,29.00,11.00,44.00,-13,-14,-13,23,-35,146,
2023-05-19 15:40:18.396,28.00,21.00,33.00,14.00,43.00,-11,-26,-11,28,-36,141,
2023-05-19 15:40:18.402,-8.00,-4.00,0.00,10.00,0.00,95,95,43,-70,-76,-70,a
2023-05-19 15:40:18.406,28.00,22.00,32.00,14.00,43.00,-10,-30,-10,32,-37,138,
2023-05-19 15:40:18.409,-6.00,-5.00,0.00,10.00,-1.00,97,96,40,-77,-81,-77,a
2023-05-19 15:40:18.415,-9.00,-6.00,0.00,10.00,-1.00,103,99,35,-75,-80,-75,a
2023-05-19 15:40:18.421,29.00,22.00,33.00,14.00,42.00,-9,-44,-9,45,-34,121,
2023-05-19 15:40:18.429,28.00,24.00,34.00,15.00,40.00,-12,-51,-12,48,-32,117,
2023-05-19 15:40:18.435,-8.00,-5.00,0.00,9.00,-1.00,134,114,24,-67,-73,-67,a
2023-05-19 15:40:18.439,28.00,23.00,32.00,13.00,39.00,-17,-59,-17,52,-27,109,
2023-05-19 15:40:18.444,-6.00,-6.00,0.00,9.00,-2.00,136,119,28,-64,-68,-64,a
2023-05-19 15:40:18.449,24.00,18.00,27.00,9.00,35.00,-20,-65,-20,62,-21,100,
2023-05-19 15:40:18.454,-7.00,-6.00,1.00,10.00,-1.00,119,113,36,-70,-73,-70,a
2023-05-19 15:40:18.460,-11.00,-5.00,2.00,10.00,-1.00,116,111,38,-76,-78,-76,a
2023-05-19 15:40:18.465,26.00,22.00,30.00,11.00,-4.00,-21,-73,-21,67,13,84,
2023-05-19 15:40:18.473,26.00,22.00,32.00,12.00,-4.00,-12,-75,-12,68,33,75,
2023-05-19 15:40:18.478,-7.00,-6.00,2.00,10.00,-1.00,113,109,38,-89,-89,-89,a
2023-05-19 15:40:18.484,25.00,20.00,29.00,12.00,-4.00,-9,-80,-9,71,42,72,
2023-05-19 15:40:18.487,-9.00,-6.00,2.00,10.00,-2.00,107,103,37,-99,-97,-99,a
2023-05-19 15:40:18.491,22.00,18.00,25.00,9.00,-3.00,-28,-84,-28,71,51,67,
2023-05-19 15:40:18.497,-9.00,-6.00,2.00,10.00,-1.00,105,100,33,-101,-98,-101,a
2023-05-19 15:40:18.501,-9.00,-6.00,2.00,10.00,-1.00,132,110,22,-104,-100,-104,a
2023-05-19 15:40:18.508,21.00,17.00,23.00,7.00,-2.00,-75,-87,-75,72,59,62,
2023-05-19 15:40:18.516,21.00,16.00,23.00,7.00,-2.00,-74,-86,-74,75,64,62,
2023-05-19 15:40:18.520,-11.00,-6.00,3.00,10.00,-1.00,114,97,17,-102,-97,-102,a
2023-05-19 15:40:18.527,21.00,17.00,25.00,7.00,-3.00,-82,-87,-82,81,74,61,
2023-05-19 15:40:18.532,-11.00,-7.00,2.00,11.00,-1.00,-177,119,-177,-86,-89,-86,a
2023-05-19 15:40:18.537,21.00,18.00,25.00,8.00,-3.00,-82,-86,-82,85,82,59,
2023-05-19 15:40:18.541,-11.00,-6.00,5.00,11.00,-1.00,-178,123,-178,-77,-85,-77,a
2023-05-19 15:40:18.548,-10.00,-6.00,3.00,11.00,-1.00,143,108,13,-90,-91,-90,a
2023-05-19 15:40:18.552,21.00,16.00,23.00,7.00,-3.00,-85,-87,-85,88,88,56,
2023-05-19 15:40:18.560,21.00,17.00,25.00,9.00,-3.00,-78,-83,-78,85,83,55,
2023-05-19 15:40:18.567,-14.00,-8.00,5.00,12.00,-1.00,84,87,27,-108,-101,-108,a
2023-05-19 15:40:18.571,21.00,16.00,23.00,6.00,-3.00,-74,-82,-74,83,81,52,
2023-05-19 15:40:18.577,-11.00,-8.00,8.00,12.00,0.00,106,95,19,-110,-100,-110,a
2023-05-19 15:40:18.582,19.00,13.00,20.00,5.00,-2.00,-65,-79,-65,81,79,51,
2023-05-19 15:40:18.586,-14.00,-7.00,8.00,12.00,-1.00,158,113,9,-117,-102,-117,a
2023-05-19 15:40:18.595,21.00,15.00,24.00,6.00,-2.00,-35,-73,-35,79,80,41,
2023-05-19 15:40:18.602,-14.00,-7.00,8.00,13.00,-1.00,-166,114,-166,-108,-96,-108,a
2023-05-19 15:40:18.607,22.00,17.00,25.00,7.00,-3.00,-30,-74,-30,82,83,42,
2023-05-19 15:40:18.612,-11.00,-8.00,9.00,13.00,-1.00,-170,117,-170,-100,-95,-100,a
2023-05-19 15:40:18.619,19.00,13.00,21.00,5.00,-2.00,-64,-81,-64,88,88,44,
2023-05-19 15:40:18.624,-14.00,-9.00,10.00,14.00,0.00,-166,117,-166,-106,-98,-106,a
2023-05-19 15:40:18.629,21.00,15.00,23.00,7.00,-3.00,-84,-87,-84,90,90,46,
2023-05-19 15:40:18.640,20.00,14.00,22.00,5.00,-2.00,-91,-91,-91,93,94,52,
2023-05-19 15:40:18.644,-11.00,-9.00,12.00,15.00,0.00,140,101,9,-117,-104,-117,a
2023-05-19 15:40:18.652,-13.00,-9.00,12.00,14.00,-1.00,-154,114,-154,-109,-99,-109,a
2023-05-19 15:40:18.656,18.00,12.00,20.00,3.00,-1.00,-92,-92,-92,91,92,55,
2023-05-19 15:40:18.660,-14.00,-8.00,13.00,14.00,-1.00,-172,112,-172,-119,-103,-119,a
2023-05-19 15:40:18.668,19.00,13.00,20.00,4.00,-1.00,-91,-91,-91,93,96,56,
2023-05-19 15:40:18.672,18.00,12.00,21.00,4.00,-2.00,-89,-89,-89,93,95,56,
2023-05-19 15:40:18.676,-12.00,-9.00,14.00,13.00,0.00,144,104,10,-111,-99,-111,a
2023-05-19 15:40:18.683,-14.00,-8.00,15.00,13.00,-1.00,149,106,10,-112,-101,-112,a
2023-05-19 15:40:18.687,18.00,12.00,21.00,5.00,-2.00,-84,-85,-84,92,93,53,
2023-05-19 15:40:18.693,-14.00,-7.00,13.00,13.00,-1.00,134,109,19,-122,-106,-122,a
2023-05-19 15:40:18.701,18.00,12.00,21.00,4.00,-2.00,-77,-82,-77,90,91,53,
2023-05-19 15:40:18.701,19.00,12.00,21.00,5.00,-2.00,-72,-80,-72,89,89,49,
2023-05-19 15:40:18.708,-11.00,-7.00,14.00,12.00,-1.00,167,117,6,-109,-100,-109,a
2023-05-19 15:40:18.716,19.00,12.00,18.00,4.00,-2.00,-67,-79,-67,89,89,46,
2023-05-19 15:40:18.721,-10.00,-9.00,15.00,12.00,-1.00,179,129,0,-123,-107,-123,a
2023-05-19 15:40:18.725,-14.00,-9.00,14.00,12.00,-1.00,161,132,17,-125,-113,-125,a
2023-05-19 15:40:18.732,19.00,12.00,20.00,4.00,-2.00,-67,-79,-67,86,86,44,
2023-05-19 15:40:18.737,18.00,12.00,20.00,4.00,-2.00,-70,-80,-70,88,88,43,
2023-05-19 15:40:18.745,-16.00,-8.00,14.00,12.00,-1.00,162,137,18,-120,-113,-120,a
2023-05-19 15:40:18.750,17.00,11.00,19.00,3.00,-1.00,-72,-81,-72,91,91,43,
2023-05-19 15:40:18.758,-12.00,-8.00,15.00,11.00,-1.00,174,146,8,-128,-120,-128,a
2023-05-19 15:40:18.764,17.00,11.00,18.00,3.00,-1.00,-74,-82,-74,95,94,43,
2023-05-19 15:40:18.768,-11.00,-11.00,13.00,12.00,-2.00,176,151,7,-134,-128,-134,a
2023-05-19 15:40:18.773,15.00,7.00,16.00,1.00,0.00,-73,-82,-73,94,94,42,
2023-05-19 15:40:18.778,-14.00,-9.00,15.00,12.00,-2.00,168,155,24,-135,-131,-135,a
2023-05-19 15:40:18.785,17.00,10.00,18.00,3.00,-1.00,-75,-82,-75,93,93,40,
2023-05-19 15:40:18.790,-12.00,-9.00,15.00,12.00,-2.00,172,157,18,-134,-132,-134,a
2023-05-19 15:40:18.795,16.00,8.00,18.00,1.00,-1.00,-76,-83,-76,95,94,41,
2023-05-19 15:40:18.800,-14.00,-9.00,14.00,11.00,-2.00,175,159,12,-137,-133,-137,a
2023-05-19 15:40:18.804,16.00,9.00,18.00,1.00,-1.00,-77,-83,-77,96,95,41,
2023-05-19 15:40:18.809,19.00,13.00,21.00,4.00,-1.00,-78,-84,-78,96,95,41,
2023-05-19 15:40:18.815,-11.00,-7.00,14.00,12.00,-1.00,173,161,18,-137,-137,-137,a
2023-05-19 15:40:18.821,-11.00,-8.00,14.00,11.00,-2.00,170,164,30,-137,-138,-137,a
2023-05-19 15:40:18.827,17.00,9.00,19.00,2.00,0.00,-80,-85,-80,97,96,39,
2023-05-19 15:40:18.831,-12.00,-9.00,13.00,11.00,-2.00,167,163,35,-136,-140,-136,a
2023-05-19 15:40:18.837,17.00,10.00,19.00,3.00,0.00,-84,-87,-84,96,95,39,
2023-05-19 15:40:18.841,17.00,9.00,19.00,2.00,0.00,-83,-87,-83,97,96,39,
2023-05-19 15:40:18.847,-9.00,-7.00,14.00,11.00,-2.00,169,163,30,-136,-139,-136,a
2023-05-19 15:40:18.853,18.00,10.00,19.00,3.00,4.00,-84,-87,-84,99,97,38,
2023-05-19 15:40:18.859,-12.00,-7.00,14.00,11.00,-2.00,167,161,33,-134,-138,-134,a
2023-05-19 15:40:18.865,16.00,10.00,19.00,4.00,5.00,-83,-87,-83,97,96,37,
2023-05-19 15:40:18.871,-11.00,-10.00,13.00,11.00,-2.00,163,161,41,-134,-138,-134,a
2023-05-19 15:40:18.876,16.00,9.00,18.00,2.00,2.00,-81,-86,-81,98,95,35,
2023-05-19 15:40:18.881,-11.00,-7.00,13.00,11.00,-2.00,169,160,29,-136,-137,-136,a
2023-05-19 15:40:18.888,15.00,6.00,15.00,0.00,0.00,-79,-86,-79,100,96,33,
2023-05-19 15:40:18.892,-10.00,-7.00,12.00,11.00,-2.00,168,162,31,-135,-137,-135,a
2023-05-19 15:40:18.898,14.00,6.00,16.00,-2.00,2.00,-78,-86,-78,101,97,32,
2023-05-19 15:40:18.903,-8.00,-8.00,13.00,11.00,-2.00,167,159,31,-134,-135,-134,a
2023-05-19 15:40:18.908,15.00,7.00,16.00,0.00,7.00,-73,-84,-73,100,96,30,
2023-05-19 15:40:18.918,-11.00,-7.00,13.00,11.00,-2.00,166,159,33,-134,-135,-134,a
2023-05-19 15:40:18.923,14.00,7.00,15.00,0.00,8.00,-63,-82,-63,99,95,29,
2023-05-19 15:40:18.927,-11.00,-9.00,14.00,10.00,-2.00,165,158,33,-134,-134,-134,a
2023-05-19 15:40:18.932,17.00,9.00,19.00,2.00,9.00,-59,-81,-59,98,94,29,
2023-05-19 15:40:18.936,-10.00,-9.00,13.00,10.00,-2.00,162,158,38,-132,-134,-132,a
2023-05-19 15:40:18.942,17.00,9.00,20.00,3.00,5.00,-55,-81,-55,96,93,29,
2023-05-19 15:40:18.948,18.00,9.00,19.00,3.00,3.00,-52,-80,-52,96,93,29,
2023-05-19 15:40:18.953,-9.00,-8.00,12.00,10.00,-2.00,162,155,33,-130,-133,-130,a
2023-05-19 15:40:18.958,16.00,8.00,18.00,1.00,7.00,-47,-78,-47,96,93,30,
2023-05-19 15:40:18.964,-11.00,-8.00,12.00,10.00,-2.00,166,156,28,-130,-130,-130,a
2023-05-19 15:40:18.969,17.00,9.00,18.00,1.00,8.00,-50,-79,-50,95,92,30,
2023-05-19 15:40:18.974,-9.00,-7.00,12.00,11.00,-2.00,164,155,30,-130,-129,-130,a
2023-05-19 15:40:18.982,16.00,9.00,18.00,2.00,15.00,-48,-78,-48,92,91,29,
2023-05-19 15:40:18.990,-9.00,-7.00,12.00,9.00,-2.00,165,153,26,-129,-128,-129,a
2023-05-19 15:40:18.994,17.00,10.00,19.00,3.00,20.00,-51,-79,-51,93,91,27,
2023-05-19 15:40:19.000,-11.00,-8.00,16.00,10.00,-2.00,162,153,31,-129,-129,-129,a
2023-05-19 15:40:19.006,16.00,9.00,18.00,2.00,19.00,-50,-79,-50,94,92,25,
2023-05-19 15:40:19.010,-8.00,-8.00,12.00,10.00,-2.00,163,151,28,-129,-128,-129,a
2023-05-19 15:40:19.014,17.00,11.00,20.00,3.00,23.00,-49,-79,-49,91,90,23,
2023-05-19 15:40:19.022,-8.00,-9.00,12.00,11.00,-2.00,167,153,23,-128,-127,-128,a
2023-05-19 15:40:19.028,17.00,9.00,19.00,0.00,25.00,-49,-79,-49,91,90,24,
2023-05-19 15:40:19.032,-9.00,-7.00,12.00,10.00,-2.00,164,152,27,-127,-127,-127,a
2023-05-19 15:40:19.037,16.00,8.00,18.00,2.00,26.00,-52,-80,-52,93,91,21,
2023-05-19 15:40:19.041,-7.00,-8.00,12.00,10.00,-2.00,160,151,33,-128,-129,-128,a
2023-05-19 15:40:19.047,16.00,10.00,18.00,2.00,26.00,-50,-80,-50,92,91,21,
2023-05-19 15:40:19.053,13.00,9.00,18.00,3.00,25.00,-49,-80,-49,92,91,22,
2023-05-19 15:40:19.060,-7.00,-8.00,13.00,11.00,-2.00,159,150,34,-126,-128,-126,a
2023-05-19 15:40:19.066,-7.00,-8.00,12.00,10.00,-2.00,162,153,32,-128,-129,-128,a
2023-05-19 15:40:19.072,17.00,10.00,19.00,4.00,29.00,-49,-80,-49,92,90,20,
2023-05-19 15:40:19.076,-9.00,-7.00,13.00,10.00,-2.00,164,152,28,-127,-128,-127,a
2023-05-19 15:40:19.082,17.00,10.00,20.00,4.00,30.00,-48,-79,-48,92,91,18,
2023-05-19 15:40:19.088,17.00,11.00,20.00,4.00,31.00,-45,-78,-45,91,90,18,
2023-05-19 15:40:19.094,-9.00,-9.00,13.00,10.00,-2.00,170,154,20,-130,-131,-130,a
2023-05-19 15:40:19.100,17.00,11.00,20.00,3.00,32.00,-43,-79,-43,93,91,16,
2023-05-19 15:40:19.104,-9.00,-8.00,12.00,10.00,-2.00,161,154,35,-129,-131,-129,a
2023-05-19 15:40:19.111,-11.00,-9.00,12.00,8.00,-2.00,159,151,35,-128,-130,-128,a
2023-05-19 15:40:19.117,16.00,9.00,18.00,2.00,34.00,-36,-78,-36,92,90,15,
2023-05-19 15:40:19.124,16.00,9.00,19.00,3.00,34.00,-34,-77,-34,92,90,15,
2023-05-19 15:40:19.128,-10.00,-8.00,12.00,10.00,-2.00,163,151,29,-128,-130,-128,a
2023-05-19 15:40:19.135,17.00,10.00,19.00,4.00,34.00,-31,-77,-31,96,91,14,
2023-05-19 15:40:19.139,-10.00,-9.00,12.00,11.00,-2.00,162,152,31,-131,-135,-131,a
2023-05-19 15:40:19.143,17.00,10.00,20.00,3.00,35.00,-33,-78,-33,95,91,13,
2023-05-19 15:40:19.148,-10.00,-8.00,11.00,10.00,-2.00,148,155,52,-130,-135,-130,a
2023-05-19 15:40:19.158,18.00,10.00,19.00,3.00,36.00,-30,-77,-30,93,90,14,
2023-05-19 15:40:19.166,-11.00,-8.00,12.00,9.00,-2.00,165,146,21,-126,-132,-126,a
2023-05-19 15:40:19.170,17.00,9.00,19.00,3.00,32.00,-32,-78,-32,96,91,13,
2023-05-19 15:40:19.175,-10.00,-9.00,12.00,9.00,-2.00,-176,146,-176,-126,-130,-126,a
2023-05-19 15:40:19.181,18.00,10.00,19.00,3.00,32.00,-33,-78,-33,95,91,13,
2023-05-19 15:40:19.185,-8.00,-7.00,13.00,9.00,-2.00,-180,144,-180,-123,-128,-123,a
2023-05-19 15:40:19.191,18.00,12.00,19.00,4.00,34.00,-34,-78,-34,91,90,14,
2023-05-19 15:40:19.200,-12.00,-9.00,12.00,9.00,-2.00,136,113,22,-105,-112,-105,a
2023-05-19 15:40:19.204,18.00,10.00,19.00,3.00,31.00,-36,-79,-36,91,90,14,
2023-05-19 15:40:19.209,-12.00,-8.00,12.00,9.00,-2.00,69,65,51,-102,-115,-102,a
2023-05-19 15:40:19.214,16.00,10.00,19.00,3.00,34.00,-36,-79,-36,98,92,13,
2023-05-19 15:40:19.219,-9.00,-10.00,11.00,9.00,-2.00,47,10,80,-103,-124,-103,a
2023-05-19 15:40:19.224,18.00,10.00,19.00,4.00,36.00,-37,-79,-37,100,92,12,
2023-05-19 15:40:19.230,17.00,10.00,19.00,4.00,38.00,-35,-79,-35,100,92,12,
2023-05-19 15:40:19.234,-12.00,-10.00,8.00,8.00,-2.00,-6,-35,-6,-100,-137,-100,a
2023-05-19 15:40:19.245,-13.00,-10.00,7.00,8.00,-2.00,16,-60,169,-103,174,-103,a
2023-05-19 15:40:19.251,17.00,9.00,19.00,2.00,35.00,-33,-79,-33,102,92,11,
2023-05-19 15:40:19.255,-9.00,-11.00,7.00,8.00,-2.00,107,-98,159,-111,179,-111,a
2023-05-19 15:40:19.261,16.00,10.00,19.00,3.00,36.00,-31,-79,-31,100,92,12,
2023-05-19 15:40:19.266,17.00,9.00,19.00,3.00,36.00,-30,-79,-30,99,91,11,
2023-05-19 15:40:19.271,-14.00,-11.00,5.00,8.00,-2.00,110,-114,131,-113,-174,-113,a
2023-05-19 15:40:19.276,17.00,9.00,19.00,4.00,36.00,-28,-79,-28,101,92,12,
2023-05-19 15:40:19.282,-13.00,-11.00,5.00,8.00,-2.00,114,-133,117,-110,-169,-110,a
2023-05-19 15:40:19.287,-17.00,-10.00,5.00,8.00,-2.00,75,-71,123,-110,-174,-110,a
2023-05-19 15:40:19.292,16.00,9.00,19.00,4.00,35.00,-28,-79,-28,101,92,12,
2023-05-19 15:40:19.300,18.00,10.00,19.00,4.00,35.00,-30,-79,-30,100,92,11,
2023-05-19 15:40:19.305,-11.00,-10.00,2.00,8.00,-2.00,68,-46,110,-116,-169,-116,a
2023-05-19 15:40:19.311,18.00,11.00,19.00,5.00,33.00,-30,-79,-30,100,92,11,
2023-05-19 15:40:19.316,-12.00,-10.00,0.00,8.00,-2.00,75,-53,108,-118,-165,-118,a
2023-05-19 15:40:19.322,17.00,10.00,21.00,4.00,35.00,-30,-79,-30,108,93,11,
2023-05-19 15:40:19.327,-11.00,-9.00,0.00,8.00,-2.00,87,-87,123,-123,-159,-123,a
2023-05-19 15:40:19.332,-12.00,-9.00,0.00,7.00,-2.00,127,-125,139,-131,-156,-131,a
2023-05-19 15:40:19.337,15.00,9.00,19.00,4.00,36.00,-29,-79,-29,113,95,11,
2023-05-19 15:40:19.343,17.00,10.00,20.00,4.00,36.00,-28,-79,-28,111,95,12,
2023-05-19 15:40:19.353,-12.00,-9.00,-1.00,7.00,-1.00,121,-126,131,-109,-138,-109,a
2023-05-19 15:40:19.357,18.00,10.00,20.00,4.00,38.00,-29,-80,-29,112,95,11,
2023-05-19 15:40:19.363,-11.00,-11.00,-1.00,7.00,-1.00,106,-161,96,-111,-134,-111,a
2023-05-19 15:40:19.368,17.00,10.00,19.00,3.00,39.00,-27,-80,-27,109,94,12,
2023-05-19 15:40:19.373,-11.00,-8.00,-2.00,6.00,-1.00,91,-97,99,-112,-133,-112,a
2023-05-19 15:40:19.377,17.00,11.00,19.00,4.00,39.00,-26,-80,-26,108,93,11,
2023-05-19 15:40:19.386,-16.00,-7.00,-2.00,5.00,0.00,109,-139,108,-117,-145,-117,a
2023-05-19 15:40:19.392,17.00,9.00,19.00,3.00,41.00,-26,-80,-26,99,92,14,
2023-05-19 15:40:19.398,-15.00,-8.00,-3.00,4.00,-1.00,114,-134,115,-114,-164,-114,a
2023-05-19 15:40:19.402,17.00,9.00,19.00,4.00,40.00,-31,-81,-31,94,91,15,
2023-05-19 15:40:19.406,-11.00,-7.00,-2.00,5.00,-1.00,122,-135,123,-103,128,-103,a
2023-05-19 15:40:19.411,17.00,9.00,19.00,4.00,40.00,-36,-82,-36,90,90,16,
2023-05-19 15:40:19.416,17.00,9.00,19.00,5.00,40.00,-39,-81,-39,94,91,15,
2023-05-19 15:40:19.422,-15.00,-6.00,-2.00,4.00,-1.00,146,-153,130,-64,61,-64,a
2023-05-19 15:40:19.426,20.00,10.00,19.00,4.00,40.00,-39,-81,-39,92,90,15,
2023-05-19 15:40:19.432,-13.00,-7.00,-3.00,5.00,-1.00,166,-148,160,-45,54,-45,a
2023-05-19 15:40:19.442,-13.00,-6.00,-3.00,4.00,-1.00,164,-139,163,-62,60,-62,a
2023-05-19 15:40:19.448,19.00,11.00,19.00,5.00,40.00,-39,-80,-39,90,90,15,
2023-05-19 15:40:19.453,-14.00,-7.00,-4.00,5.00,-1.00,107,-101,151,-67,60,-67,a
2023-05-19 15:40:19.457,16.00,9.00,18.00,4.00,40.00,-37,-80,-37,89,89,16,
2023-05-19 15:40:19.461,17.00,10.00,19.00,4.00,39.00,-36,-80,-36,90,90,16,
2023-05-19 15:40:19.470,-13.00,-6.00,-4.00,4.00,0.00,61,-65,136,-72,70,-72,a
2023-05-19 15:40:19.476,18.00,9.00,18.00,3.00,39.00,-33,-79,-33,96,91,14,
2023-05-19 15:40:19.481,17.00,10.00,19.00,5.00,39.00,-32,-79,-32,92,90,13,
2023-05-19 15:40:19.485,-15.00,-6.00,-2.00,4.00,-1.00,64,-63,131,-71,71,-71,a
2023-05-19 15:40:19.490,-15.00,-6.00,-4.00,4.00,-1.00,67,-66,130,-66,70,-66,a
2023-05-19 15:40:19.497,18.00,9.00,19.00,5.00,36.00,-30,-79,-30,94,90,13,
2023-05-19 15:40:19.503,-12.00,-6.00,-3.00,4.00,-1.00,66,-72,141,-61,70,-61,a
2023-05-19 15:40:19.508,17.00,9.00,19.00,5.00,35.00,-28,-78,-28,99,92,12,
2023-05-19 15:40:19.515,18.00,11.00,19.00,5.00,35.00,-28,-78,-28,99,91,12,
2023-05-19 15:40:19.522,-10.00,-6.00,2.00,4.00,-2.00,54,-71,151,-53,68,-53,a
2023-05-19 15:40:19.530,18.00,10.00,19.00,4.00,33.00,-28,-79,-28,101,92,11,
2023-05-19 15:40:19.530,-16.00,-6.00,-4.00,4.00,-1.00,42,-69,159,-45,66,-45,a
2023-05-19 15:40:19.539,-11.00,-6.00,-2.00,4.00,-1.00,30,-67,165,-39,66,-39,a
2023-05-19 15:40:19.539,18.00,11.00,20.00,5.00,28.00,-27,-78,-27,98,91,11,
2023-05-19 15:40:19.547,-14.00,-6.00,-3.00,4.00,-1.00,19,-70,172,-37,68,-37,a
2023-05-19 15:40:19.555,18.00,10.00,21.00,6.00,27.00,-25,-78,-25,104,92,10,
2023-05-19 15:40:19.559,18.00,11.00,20.00,4.00,26.00,-26,-78,-26,99,91,10,
2023-05-19 15:40:19.564,-14.00,-6.00,-3.00,3.00,-1.00,22,-70,170,-38,70,-38,a
2023-05-19 15:40:19.568,18.00,10.00,20.00,5.00,27.00,-29,-78,-29,97,91,10,
2023-05-19 15:40:19.572,-14.00,-6.00,-3.00,4.00,-1.00,25,-69,168,-37,72,-37,a
2023-05-19 15:40:19.577,-14.00,-6.00,-3.00,4.00,-1.00,26,-69,168,-37,74,-37,a
2023-05-19 15:40:19.583,18.00,13.00,19.00,5.00,28.00,-26,-79,-26,98,91,10,
2023-05-19 15:40:19.591,-12.00,-5.00,-3.00,4.00,0.00,33,-72,166,-42,76,-42,a
2023-05-19 15:40:19.597,18.00,10.00,20.00,5.00,29.00,-25,-79,-25,106,93,10,
2023-05-19 15:40:19.601,18.00,10.00,25.00,5.00,30.00,-26,-79,-26,100,92,11,
2023-05-19 15:40:19.607,-10.00,-6.00,-3.00,3.00,0.00,36,-72,165,-41,76,-41,a
2023-05-19 15:40:19.612,18.00,10.00,19.00,4.00,31.00,-25,-79,-25,103,92,11,
2023-05-19 15:40:19.618,-12.00,-6.00,-3.00,4.00,-1.00,39,-72,163,-41,76,-41,a
2023-05-19 15:40:19.623,-14.00,-6.00,-3.00,5.00,-1.00,44,-72,160,-43,75,-43,a
2023-05-19 15:40:19.629,18.00,11.00,20.00,5.00,31.00,-30,-81,-30,97,91,11,
2023-05-19 15:40:19.639,18.00,11.00,19.00,4.00,31.00,-32,-80,-32,100,92,13,
2023-05-19 15:40:19.643,-12.00,-5.00,-2.00,4.00,0.00,50,-72,157,-48,75,-48,a
2023-05-19 15:40:19.649,17.00,10.00,19.00,5.00,29.00,-34,-80,-34,102,92,12,
2023-05-19 15:40:19.649,-11.00,-5.00,-3.00,4.00,-1.00,53,-71,153,-56,77,-56,a
2023-05-19 15:40:19.654,17.00,11.00,20.00,4.00,30.00,-35,-81,-35,102,92,12,
2023-05-19 15:40:19.659,-12.00,-5.00,-3.00,4.00,-2.00,52,-71,153,-55,77,-55,a
2023-05-19 15:40:19.665,-10.00,-6.00,-3.00,4.00,-1.00,53,-72,154,-54,78,-54,a
2023-05-19 15:40:19.671,17.00,11.00,19.00,4.00,30.00,-35,-81,-35,105,92,10,
2023-05-19 15:40:19.680,-11.00,-5.00,-3.00,4.00,0.00,52,-69,152,-63,81,-63,a
2023-05-19 15:40:19.684,18.00,11.00,20.00,5.00,30.00,-34,-81,-34,101,92,10,
2023-05-19 15:40:19.690,-9.00,-3.00,-4.00,4.00,-2.00,51,-70,153,-60,80,-60,a
2023-05-19 15:40:19.696,17.00,11.00,19.00,5.00,30.00,-32,-81,-32,109,93,9,
2023-05-19 15:40:19.701,19.00,12.00,20.00,5.00,30.00,-29,-80,-29,113,93,9,
2023-05-19 15:40:19.705,-16.00,-5.00,-3.00,4.00,-1.00,48,-67,152,-64,81,-64,a
2023-05-19 15:40:19.710,-10.00,-5.00,-4.00,4.00,0.00,45,-65,153,-62,80,-62,a
2023-05-19 15:40:19.717,17.00,11.00,19.00,5.00,29.00,-27,-80,-27,118,94,8,
2023-05-19 15:40:19.724,16.00,12.00,20.00,5.00,29.00,-27,-80,-27,117,94,9,
2023-05-19 15:40:19.733,-13.00,-5.00,-3.00,4.00,-1.00,46,-68,155,-61,79,-61,a
2023-05-19 15:40:19.733,18.00,11.00,19.00,4.00,31.00,-26,-80,-26,115,94,8,
2023-05-19 15:40:19.739,-9.00,-5.00,-3.00,4.00,-1.00,44,-71,159,-58,79,-58,a
2023-05-19 15:40:19.745,18.00,12.00,20.00,5.00,31.00,-26,-80,-26,119,94,8,
2023-05-19 15:40:19.751,-12.00,-4.00,-3.00,4.00,-1.00,41,-73,163,-59,79,-59,a
2023-05-19 15:40:19.756,-12.00,-4.00,-3.00,4.00,-2.00,36,-75,167,-61,81,-61,a
2023-05-19 15:40:19.760,18.00,12.00,19.00,5.00,32.00,-27,-80,-27,126,95,7,
2023-05-19 15:40:19.768,18.00,11.00,19.00,4.00,31.00,-27,-80,-27,121,95,9,
2023-05-19 15:40:19.775,-9.00,-4.00,-3.00,4.00,0.00,30,-80,173,-57,82,-57,a
2023-05-19 15:40:19.781,17.00,11.00,20.00,4.00,31.00,-27,-82,-27,114,94,9,
2023-05-19 15:40:19.785,-11.00,-4.00,-2.00,4.00,-1.00,12,-75,176,-49,82,-49,a
2023-05-19 15:40:19.789,17.00,11.00,19.00,5.00,32.00,-27,-81,-27,117,95,9,
2023-05-19 15:40:19.793,-11.00,-4.00,-3.00,4.00,0.00,2,-85,179,-47,82,-47,a
2023-05-19 15:40:19.799,-13.00,-4.00,-3.00,4.00,-1.00,-5,-88,-5,-54,83,-54,a
2023-05-19 15:40:19.805,18.00,12.00,19.00,5.00,34.00,-29,-82,-29,111,93,9,
2023-05-19 15:40:19.812,18.00,12.00,19.00,5.00,34.00,-32,-82,-32,107,92,9,
2023-05-19 15:40:19.817,-11.00,-3.00,-3.00,5.00,-1.00,17,-80,176,-67,84,-67,a
2023-05-19 15:40:19.822,18.00,12.00,20.00,5.00,34.00,-28,-82,-28,104,92,9,
2023-05-19 15:40:19.826,-11.00,-3.00,-3.00,5.00,-1.00,30,-81,173,-74,85,-74,a
2023-05-19 15:40:19.832,18.00,12.00,19.00,4.00,36.00,-28,-82,-28,108,92,8,
2023-05-19 15:40:19.841,-14.00,-3.00,-3.00,4.00,0.00,34,-80,172,-81,87,-81,a
2023-05-19 15:40:19.841,-10.00,-3.00,-3.00,5.00,0.00,37,-76,168,-84,87,-84,a
2023-05-19 15:40:19.846,18.00,11.00,19.00,4.00,36.00,-25,-81,-25,115,93,7,
2023-05-19 15:40:19.858,18.00,12.00,21.00,5.00,34.00,-26,-80,-26,118,93,7,
2023-05-19 15:40:19.866,-10.00,-3.00,-2.00,4.00,0.00,42,-77,166,-89,89,-89,a
2023-05-19 15:40:19.871,18.00,10.00,20.00,5.00,34.00,-24,-80,-24,120,93,6,
2023-05-19 15:40:19.874,-12.00,-3.00,-3.00,4.00,0.00,38,-77,167,-95,90,-95,a
2023-05-19 15:40:19.881,18.00,12.00,20.00,5.00,35.00,-23,-80,-23,120,94,6,
2023-05-19 15:40:19.882,-12.00,-3.00,-4.00,4.00,0.00,31,-78,171,-95,90,-95,a
2023-05-19 15:40:19.887,-12.00,-4.00,-4.00,4.00,0.00,24,-81,174,-97,91,-97,a
2023-05-19 15:40:19.893,18.00,12.00,19.00,4.00,36.00,-19,-78,-19,114,92,6,
2023-05-19 15:40:19.902,19.00,12.00,20.00,5.00,35.00,-18,-79,-18,116,93,6,
2023-05-19 15:40:19.907,-12.00,-3.00,-3.00,5.00,0.00,0,-80,179,-93,90,-93,a
2023-05-19 15:40:19.911,18.00,12.00,20.00,5.00,36.00,-19,-79,-19,116,92,5,
2023-05-19 15:40:19.916,-12.00,-3.00,-3.00,5.00,0.00,-6,-81,-6,-94,90,-94,a
2023-05-19 15:40:19.920,18.00,12.00,20.00,5.00,36.00,-19,-79,-19,116,92,5,
2023-05-19 15:40:19.924,18.00,12.00,19.00,4.00,37.00,-19,-79,-19,120,92,4,
2023-05-19 15:40:19.930,-12.00,-3.00,-3.00,4.00,-1.00,-8,-82,-8,-94,90,-94,a
2023-05-19 15:40:19.936,-9.00,-4.00,-3.00,4.00,0.00,-11,-82,-11,-95,90,-95,a
2023-05-19 15:40:19.942,18.00,12.00,20.00,5.00,36.00,-16,-79,-16,119,92,4,
2023-05-19 15:40:19.947,17.00,12.00,19.00,4.00,37.00,-18,-79,-18,111,91,5,
2023-05-19 15:40:19.952,-11.00,-2.00,-2.00,4.00,0.00,-35,-87,-35,-108,91,-108,a
2023-05-19 15:40:19.956,18.00,12.00,20.00,5.00,37.00,-17,-80,-17,110,92,5,
2023-05-19 15:40:19.961,-11.00,-3.00,-3.00,5.00,0.00,-50,-88,-50,-119,92,-119,a
2023-05-19 15:40:19.965,18.00,12.00,20.00,5.00,38.00,-17,-79,-17,111,91,5,
2023-05-19 15:40:19.970,-13.00,-3.00,-3.00,4.00,0.00,-50,-88,-50,-125,93,-125,a
2023-05-19 15:40:19.979,18.00,12.00,21.00,5.00,39.00,-16,-79,-16,125,93,4,
2023-05-19 15:40:19.983,-10.00,-3.00,-2.00,4.00,0.00,-63,-89,-63,-137,95,-137,a
2023-05-19 15:40:19.989,17.00,12.00,20.00,4.00,40.00,-15,-79,-15,127,92,3,
2023-05-19 15:40:19.993,-11.00,-3.00,-2.00,5.00,0.00,-49,-87,-49,-125,94,-125,a
2023-05-19 15:40:19.998,19.00,12.00,20.00,5.00,40.00,-12,-79,-12,130,92,3,
2023-05-19 15:40:20.002,-10.00,-2.00,-3.00,5.00,0.00,-46,-87,-46,-124,94,-124,a
2023-05-19 15:40:20.008,18.00,12.00,20.00,5.00,40.00,-11,-79,-11,142,93,2,
2023-05-19 15:40:20.015,-12.00,-2.00,-3.00,5.00,0.00,-48,-87,-48,-134,95,-134,a
2023-05-19 15:40:20.023,17.00,12.00,19.00,4.00,40.00,-12,-79,-12,130,93,4,
2023-05-19 15:40:20.026,-11.00,-2.00,-3.00,5.00,0.00,-56,-87,-56,-139,96,-139,a
2023-05-19 15:40:20.033,18.00,12.00,19.00,5.00,41.00,-11,-79,-11,142,93,2,
2023-05-19 15:40:20.037,-14.00,-3.00,-2.00,5.00,0.00,-50,-86,-50,-140,97,-140,a
2023-05-19 15:40:20.041,18.00,10.00,20.00,5.00,41.00,-13,-80,-13,130,93,4,
2023-05-19 15:40:20.051,18.00,12.00,20.00,5.00,42.00,-13,-80,-13,135,93,3,
2023-05-19 15:40:20.057,-10.00,-2.00,-3.00,5.00,0.00,-49,-86,-49,-143,97,-143,a
2023-05-19 15:40:20.061,-10.00,-3.00,-3.00,5.00,0.00,-60,-87,-60,-140,96,-140,a
2023-05-19 15:40:20.067,18.00,12.00,19.00,5.00,43.00,-10,-79,-10,140,93,2,
2023-05-19 15:40:20.071,-6.00,-3.00,-3.00,5.00,0.00,-66,-88,-66,-141,96,-141,a
2023-05-19 15:40:20.076,17.00,12.00,19.00,5.00,44.00,-11,-80,-11,150,94,2,
2023-05-19 15:40:20.081,-11.00,-3.00,-2.00,5.00,-2.00,-72,-89,-72,-147,97,-147,a
2023-05-19 15:40:20.087,17.00,11.00,19.00,4.00,45.00,-9,-80,-9,144,93,2,
2023-05-19 15:40:20.094,18.00,12.00,20.00,5.00,45.00,-8,-80,-8,152,94,2,
2023-05-19 15:40:20.100,-12.00,-3.00,-3.00,5.00,0.00,-86,-91,-86,-145,96,-145,a
2023-05-19 15:40:20.105,18.00,12.00,20.00,5.00,45.00,-11,-80,-11,145,95,3,
2023-05-19 15:40:20.112,-11.00,-2.00,-3.00,5.00,0.00,-86,-91,-86,-148,97,-148,a
2023-05-19 15:40:20.117,-12.00,-2.00,-3.00,5.00,0.00,-91,-91,-91,-145,96,-145,a
2023-05-19 15:40:20.121,18.00,12.00,19.00,5.00,46.00,-11,-81,-11,146,95,3,
2023-05-19 15:40:20.129,17.00,12.00,22.00,5.00,46.00,-11,-80,-11,146,94,3,
2023-05-19 15:40:20.137,-11.00,-2.00,-2.00,5.00,0.00,-86,-91,-86,-144,96,-144,a
2023-05-19 15:40:20.142,17.00,12.00,19.00,4.00,47.00,-12,-81,-12,153,95,2,
2023-05-19 15:40:20.147,-10.00,-2.00,-2.00,5.00,0.00,-81,-90,-81,-139,96,-139,a
2023-05-19 15:40:20.151,18.00,12.00,20.00,5.00,46.00,-9,-81,-9,148,94,2,
2023-05-19 15:40:20.155,-11.00,-2.00,-2.00,5.00,0.00,-73,-89,-73,-143,97,-143,a
2023-05-19 15:40:20.163,18.00,12.00,19.00,5.00,46.00,-12,-81,-12,154,95,2,
2023-05-19 15:40:20.167,-7.00,-2.00,-2.00,5.00,0.00,-56,-87,-56,-138,97,-138,a
2023-05-19 15:40:20.172,18.00,12.00,19.00,4.00,47.00,-10,-81,-10,152,95,2,
2023-05-19 15:40:20.180,-9.00,-2.00,-2.00,5.00,0.00,-53,-88,-53,-138,96,-138,a
2023-05-19 15:40:20.184,17.00,13.00,20.00,5.00,47.00,-12,-81,-12,146,94,3,
2023-05-19 15:40:20.188,-13.00,-2.00,-3.00,5.00,0.00,-53,-88,-53,-147,97,-147,a
2023-05-19 15:40:20.192,18.00,12.00,19.00,5.00,47.00,-13,-81,-13,159,95,2,
2023-05-19 15:40:20.198,-7.00,-2.00,-2.00,5.00,0.00,-68,-89,-68,-145,97,-145,a
2023-05-19 15:40:20.210,17.00,12.00,19.00,5.00,47.00,-10,-80,-10,151,94,2,
2023-05-19 15:40:20.216,-12.00,-2.00,-2.00,5.00,0.00,-82,-90,-82,-142,96,-142,a
2023-05-19 15:40:20.221,17.00,11.00,19.00,4.00,47.00,-8,-80,-8,149,94,2,
2023-05-19 15:40:20.225,-11.00,-2.00,-4.00,5.00,0.00,-76,-90,-76,-137,96,-137,a
2023-05-19 15:40:20.231,17.00,12.00,19.00,4.00,47.00,-9,-81,-9,147,93,2,
2023-05-19 15:40:20.237,-11.00,-2.00,-3.00,5.00,0.00,-75,-90,-75,-136,95,-136,a
2023-05-19 15:40:20.244,18.00,12.00,19.00,4.00,47.00,-8,-81,-8,141,94,3,
2023-05-19 15:40:20.249,17.00,12.00,19.00,4.00,47.00,-8,-80,-8,152,94,2,
2023-05-19 15:40:20.255,-8.00,-2.00,-2.00,5.00,0.00,-95,-92,-95,-134,96,-134,a
2023-05-19 15:40:20.260,18.00,12.00,20.00,5.00,47.00,-7,-80,-7,142,93,3,
2023-05-19 15:40:20.267,-10.00,-2.00,-2.00,5.00,0.00,-75,-90,-75,-132,96,-132,a
2023-05-19 15:40:20.271,-8.00,-2.00,-2.00,5.00,0.00,-54,-88,-54,-129,95,-129,a
2023-05-19 15:40:20.277,17.00,12.00,19.00,4.00,47.00,-8,-79,-8,151,94,2,
2023-05-19 15:40:20.283,18.00,12.00,20.00,4.00,47.00,-8,-79,-8,147,93,2,
2023-05-19 15:40:20.289,-10.00,-2.00,-2.00,6.00,0.00,-48,-88,-48,-132,95,-132,a
2023-05-19 15:40:20.290,17.00,12.00,19.00,4.00,47.00,-7,-80,-7,154,93,1,
2023-05-19 15:40:20.298,-9.00,-2.00,-2.00,3.00,0.00,-76,-90,-76,-135,95,-135,a
2023-05-19 15:40:20.299,17.00,12.00,20.00,5.00,47.00,-7,-79,-7,151,94,2,
2023-05-19 15:40:20.304,-14.00,-2.00,-2.00,6.00,0.00,-68,-90,-68,-130,95,-130,a
2023-05-19 15:40:20.309,18.00,12.00,21.00,5.00,47.00,-6,-80,-6,159,93,1,
2023-05-19 15:40:20.320,-8.00,-2.00,-2.00,5.00,0.00,-63,-89,-63,-133,95,-133,a
2023-05-19 15:40:20.324,17.00,12.00,19.00,5.00,47.00,-4,-79,-4,156,94,1,
2023-05-19 15:40:20.329,-12.00,-1.00,-2.00,6.00,0.00,-66,-89,-66,-129,95,-129,a
2023-05-19 15:40:20.333,18.00,12.00,19.00,4.00,47.00,-8,-80,-8,154,93,1,
2023-05-19 15:40:20.338,-9.00,-2.00,-2.00,6.00,0.00,-60,-89,-60,-129,95,-129,a
2023-05-19 15:40:20.343,18.00,12.00,20.00,5.00,47.00,-8,-80,-8,155,94,1,
2023-05-19 15:40:20.349,17.00,12.00,20.00,5.00,47.00,-9,-80,-9,142,93,2,
2023-05-19 15:40:20.355,-11.00,-2.00,-2.00,5.00,0.00,-40,-87,-40,-136,96,-136,a
2023-05-19 15:40:20.360,18.00,13.00,20.00,5.00,46.00,-9,-80,-9,138,94,3,
2023-05-19 15:40:20.365,-10.00,-2.00,-3.00,5.00,0.00,-43,-87,-43,-134,96,-134,a
2023-05-19 15:40:20.375,-11.00,-1.00,-3.00,5.00,0.00,-45,-88,-45,-135,96,-135,a
2023-05-19 15:40:20.381,17.00,13.00,20.00,4.00,47.00,-8,-80,-8,139,94,3,
2023-05-19 15:40:20.388,17.00,13.00,20.00,5.00,46.00,-8,-81,-8,139,93,2,
2023-05-19 15:40:20.392,-10.00,0.00,-3.00,6.00,0.00,-54,-88,-54,-131,95,-131,a
2023-05-19 15:40:20.398,18.00,12.00,19.00,5.00,47.00,-8,-81,-8,138,94,3,
2023-05-19 15:40:20.402,-11.00,-2.00,-2.00,6.00,0.00,-68,-90,-68,-132,95,-132,a
2023-05-19 15:40:20.407,17.00,12.00,19.00,5.00,47.00,-9,-81,-9,121,92,4,
2023-05-19 15:40:20.413,-10.00,-2.00,-2.00,6.00,0.00,-73,-90,-73,-134,95,-134,a
2023-05-19 15:40:20.417,18.00,12.00,20.00,5.00,47.00,-9,-80,-9,141,94,3,
2023-05-19 15:40:20.427,-8.00,0.00,-2.00,6.00,0.00,-77,-90,-77,-131,95,-131,a
2023-05-19 15:40:20.434,17.00,12.00,19.00,5.00,47.00,-12,-81,-12,138,94,3,
2023-05-19 15:40:20.439,-10.00,-1.00,-2.00,6.00,0.00,-62,-89,-62,-131,95,-131,a
2023-05-19 15:40:20.443,18.00,13.00,20.00,5.00,47.00,-13,-81,-13,146,94,2,
2023-05-19 15:40:20.449,-7.00,-1.00,-2.00,6.00,1.00,-53,-89,-53,-135,96,-135,a
2023-05-19 15:40:20.453,18.00,13.00,20.00,4.00,47.00,-10,-80,-10,148,93,2,
2023-05-19 15:40:20.457,-9.00,-2.00,-2.00,6.00,1.00,-49,-88,-49,-133,95,-133,a
2023-05-19 15:40:20.463,18.00,13.00,21.00,5.00,47.00,-6,-80,-6,145,93,2,
2023-05-19 15:40:20.473,-7.00,-1.00,-2.00,6.00,0.00,-62,-89,-62,-136,95,-136,a
2023-05-19 15:40:20.480,18.00,16.00,19.00,5.00,47.00,-7,-79,-7,147,93,2,
2023-05-19 15:40:20.484,-7.00,-1.00,-2.00,6.00,0.00,-70,-89,-70,-135,95,-135,a
2023-05-19 15:40:20.488,18.00,12.00,20.00,4.00,47.00,-7,-80,-7,139,93,3,
2023-05-19 15:40:20.492,-13.00,-1.00,-2.00,6.00,1.00,-75,-90,-75,-136,96,-136,a
2023-05-19 15:40:20.498,18.00,13.00,20.00,5.00,47.00,-7,-79,-7,143,94,3,
2023-05-19 15:40:20.502,18.00,13.00,20.00,5.00,47.00,-9,-80,-9,136,94,4,
2023-05-19 15:40:20.507,-10.00,0.00,-3.00,6.00,0.00,-72,-89,-72,-140,96,-140,a
2023-05-19 15:40:20.574,18.00,13.00,19.00,5.00,47.00,-9,-80,-9,136,94,4,
